tripId,agency_tripId,itinerary_nb,modes,actual_time,perceived_time,start_time,end_time,walk_time,walk_distance,transit_time,waiting_time,boardings,bus_lines_numbers,boarding_stop_ids,debarquer_stop_ids
6,error,406,NO_TRANSIT_TIMES,No transit times available. The date may be past or too far in the future or there may not be transit service for your trip at the time you chose.
9,error,406,NO_TRANSIT_TIMES,No transit times available. The date may be past or too far in the future or there may not be transit service for your trip at the time you chose.
5,error,406,NO_TRANSIT_TIMES,No transit times available. The date may be past or too far in the future or there may not be transit service for your trip at the time you chose.
13,error,406,NO_TRANSIT_TIMES,No transit times available. The date may be past or too far in the future or there may not be transit service for your trip at the time you chose.
0,error,406,NO_TRANSIT_TIMES,No transit times available. The date may be past or too far in the future or there may not be transit service for your trip at the time you chose.
2,error,406,NO_TRANSIT_TIMES,No transit times available. The date may be past or too far in the future or there may not be transit service for your trip at the time you chose.
1,error,406,NO_TRANSIT_TIMES,No transit times available. The date may be past or too far in the future or there may not be transit service for your trip at the time you chose.
16,error,406,NO_TRANSIT_TIMES,No transit times available. The date may be past or too far in the future or there may not be transit service for your trip at the time you chose.
8,error,406,NO_TRANSIT_TIMES,No transit times available. The date may be past or too far in the future or there may not be transit service for your trip at the time you chose.
11,error,406,NO_TRANSIT_TIMES,No transit times available. The date may be past or too far in the future or there may not be transit service for your trip at the time you chose.
3,error,406,NO_TRANSIT_TIMES,No transit times available. The date may be past or too far in the future or there may not be transit service for your trip at the time you chose.
4,error,406,NO_TRANSIT_TIMES,No transit times available. The date may be past or too far in the future or there may not be transit service for your trip at the time you chose.
17,error,406,NO_TRANSIT_TIMES,No transit times available. The date may be past or too far in the future or there may not be transit service for your trip at the time you chose.
12,error,406,NO_TRANSIT_TIMES,No transit times available. The date may be past or too far in the future or there may not be transit service for your trip at the time you chose.
14,error,406,NO_TRANSIT_TIMES,No transit times available. The date may be past or too far in the future or there may not be transit service for your trip at the time you chose.
10,error,406,NO_TRANSIT_TIMES,No transit times available. The date may be past or too far in the future or there may not be transit service for your trip at the time you chose.
15,error,406,NO_TRANSIT_TIMES,No transit times available. The date may be past or too far in the future or there may not be transit service for your trip at the time you chose.
7,error,406,NO_TRANSIT_TIMES,No transit times available. The date may be past or too far in the future or there may not be transit service for your trip at the time you chose.
